review,sentiment
"The build is terrible, dies in under two hours. Waste of money. Very disappointed.",Negative
The delivery photos are extremely blurry and dark. Worst ever. Waste of money.,Negative
The screen delivery was moderate. Product is normal. Fine for now.,Neutral
"The delivery arrived damaged, slow delivery, bad packaging. Do not buy!",Negative
"The performance value is fair, but customer service was average. Nothing impressive.",Neutral
"The sound is hard to use, very complicated instructions. Waste of money.",Negative
"The support is fine, does the job but feels mediocre. Standard quality.",Neutral
"The build is great, very bright and responsive. So happy with it.",Positive
"The software is decent, but could be improved. Standard quality.",Neutral
"The delivery is fine, does the job but feels mediocre. Fine for now.",Neutral
"The software value is fair, but customer service was average. Average experience.",Neutral
The camera photos are extremely blurry and dark. Worst ever. Terrible quality.,Negative
"The price is unresponsive, flickers constantly. Very annoying. Do not buy!",Negative
"The performance is standard, as expected from this model. It is okay.",Neutral
"The screen is decent, but could be improved. Average experience.",Neutral
The camera was incredibly fast. Customer support is wonderful. Love it.,Positive
"The build sound is crystal clear, very comfortable. Works great.",Positive
"The software is great, very bright and responsive. Love it.",Positive
The performance is the best purchase I have made. Super high quality. Works great.,Positive
"The sound is terrible, dies in under two hours. Waste of money. Very disappointed.",Negative
"The camera is average, lasts about half a day. It is okay.",Neutral
"The design is great, very bright and responsive. Absolutely perfect!",Positive
The delivery is amazing and lasts all day. Highly recommend! So happy with it.,Positive
"The sound is standard, as expected from this model. Average experience.",Neutral
The screen is bugged and crashes the app constantly. Very disappointed.,Negative
The battery works but has some minor issues. Nothing impressive.,Neutral
"The camera is moderate, neither good nor bad. Fine for now.",Neutral
The camera delivery was moderate. Product is normal. It is okay.,Neutral
"The build value is fair, but customer service was average. Nothing impressive.",Neutral
"The sound works perfectly, setup was super easy. Works great.",Positive
"The price is average, lasts about half a day. Standard quality.",Neutral
The support sound is tinny and breaks up frequently. Do not buy!,Negative
"The support is decent, but could be improved. It is okay.",Neutral
"The screen feels cheap, plastic cracked within a week. Will return this.",Negative
"The design is moderate, neither good nor bad. Average experience.",Neutral
"The battery is okay for the price, fairly standard. Standard quality.",Neutral
"The design is decent, but could be improved. Fine for now.",Neutral
"The sound is decent, but could be improved. Fine for now.",Neutral
The screen works but has some minor issues. Nothing impressive.,Neutral
"The software value is fair, but customer service was average. Fine for now.",Neutral
"The software is extremely powerful, handles everything with ease. Good product.",Positive
The software sound is tinny and breaks up frequently. Very disappointed.,Negative
The battery is the best purchase I have made. Super high quality. Good product.,Positive
The camera works but has some minor issues. Standard quality.,Neutral
"The support is moderate, neither good nor bad. Average experience.",Neutral
The support delivery was moderate. Product is normal. Average experience.,Neutral
"The support is simple, but has some limitations. It is okay.",Neutral
The performance delivery was moderate. Product is normal. It is okay.,Neutral
"The price is great, very bright and responsive. Works great.",Positive
The sound works but has some minor issues. Fine for now.,Neutral
The build photos are extremely blurry and dark. Worst ever. Waste of money.,Negative
"The camera is extremely powerful, handles everything with ease. Love it.",Positive
"The camera is simple, but has some limitations. Fine for now.",Neutral
"The delivery is simple, but has some limitations. Nothing impressive.",Neutral
"The delivery is simple, but has some limitations. It is okay.",Neutral
"The design is average, lasts about half a day. Fine for now.",Neutral
"The support works perfectly, setup was super easy. Love it.",Positive
The screen is amazing and lasts all day. Highly recommend! Good product.,Positive
"The performance value is fair, but customer service was average. Nothing impressive.",Neutral
The support delivery was moderate. Product is normal. Fine for now.,Neutral
The software was incredibly fast. Customer support is wonderful. Good product.,Positive
The build is useless. Customer service ignored me. Terrible quality.,Negative
The battery quality is absolutely top notch. Extremely clear. Love it.,Positive
"The support is decent, but could be improved. It is okay.",Neutral
"The performance is extremely powerful, handles everything with ease. Works great.",Positive
"The support is okay for the price, fairly standard. Fine for now.",Neutral
"The camera value is fair, but customer service was average. Standard quality.",Neutral
"The camera is unresponsive, flickers constantly. Very annoying. Terrible quality.",Negative
"The build is hard to use, very complicated instructions. Terrible quality.",Negative
The screen is overpriced and performs poorly. Disappointed. Terrible quality.,Negative
"The delivery is great, very bright and responsive. Good product.",Positive
The performance is fantastic. Exceeded my expectations. So happy with it.,Positive
"The performance value is fair, but customer service was average. Standard quality.",Neutral
"The camera arrived damaged, slow delivery, bad packaging. Very disappointed.",Negative
"The price is standard, as expected from this model. It is okay.",Neutral
"The build is simple, but has some limitations. Average experience.",Neutral
The delivery works but has some minor issues. Fine for now.,Neutral
"The sound sound is crystal clear, very comfortable. Love it.",Positive
The performance is bugged and crashes the app constantly. Very disappointed.,Negative
The screen is overpriced and performs poorly. Disappointed. Terrible quality.,Negative
The delivery is fantastic. Exceeded my expectations. Good product.,Positive
"The build is extremely powerful, handles everything with ease. So happy with it.",Positive
"The support is hard to use, very complicated instructions. Do not buy!",Negative
"The performance sound is crystal clear, very comfortable. Good product.",Positive
"The price is fine, does the job but feels mediocre. It is okay.",Neutral
The delivery is amazing and lasts all day. Highly recommend! Works great.,Positive
The price works but has some minor issues. Average experience.,Neutral
"The software sound is crystal clear, very comfortable. Absolutely perfect!",Positive
The battery is useless. Customer service ignored me. Terrible quality.,Negative
"The delivery is decent, but could be improved. Nothing impressive.",Neutral
"The sound is hard to use, very complicated instructions. Will return this.",Negative
The sound sound is tinny and breaks up frequently. Waste of money.,Negative
"The design is standard, as expected from this model. Fine for now.",Neutral
The software is overpriced and performs poorly. Disappointed. Terrible quality.,Negative
"The price is terrible, dies in under two hours. Waste of money. Terrible quality.",Negative
"The battery is moderate, neither good nor bad. Fine for now.",Neutral
The price is overpriced and performs poorly. Disappointed. Very disappointed.,Negative
"The delivery is hard to use, very complicated instructions. Terrible quality.",Negative
The software is useless. Customer service ignored me. Waste of money.,Negative
The software is fantastic. Exceeded my expectations. Works great.,Positive
"The sound is extremely powerful, handles everything with ease. Love it.",Positive
"The price is okay for the price, fairly standard. Fine for now.",Neutral
The build is overpriced and performs poorly. Disappointed. Terrible quality.,Negative
"The software is standard, as expected from this model. Average experience.",Neutral
"The screen feels premium, love the sleek aesthetic. So happy with it.",Positive
"The price works perfectly, setup was super easy. Good product.",Positive
"The sound value is fair, but customer service was average. Fine for now.",Neutral
"The battery sound is crystal clear, very comfortable. Works great.",Positive
"The delivery is moderate, neither good nor bad. Standard quality.",Neutral
"The sound is terrible, dies in under two hours. Waste of money. Will return this.",Negative
The camera delivery was moderate. Product is normal. Standard quality.,Neutral
"The performance is decent, but could be improved. Fine for now.",Neutral
"The sound is unresponsive, flickers constantly. Very annoying. Very disappointed.",Negative
"The design feels premium, love the sleek aesthetic. So happy with it.",Positive
The build sound is tinny and breaks up frequently. Will return this.,Negative
The price is overpriced and performs poorly. Disappointed. Will return this.,Negative
"The design is okay for the price, fairly standard. Average experience.",Neutral
The support is useless. Customer service ignored me. Terrible quality.,Negative
The performance is amazing and lasts all day. Highly recommend! Good product.,Positive
"The software is unresponsive, flickers constantly. Very annoying. Waste of money.",Negative
The screen is the best purchase I have made. Super high quality. So happy with it.,Positive
The price heats up way too fast and slows down. Waste of money.,Negative
The price heats up way too fast and slows down. Terrible quality.,Negative
The price sound is tinny and breaks up frequently. Do not buy!,Negative
"The software is terrible, dies in under two hours. Waste of money. Do not buy!",Negative
"The software is fine, does the job but feels mediocre. Standard quality.",Neutral
"The camera arrived damaged, slow delivery, bad packaging. Terrible quality.",Negative
The screen photos are extremely blurry and dark. Worst ever. Waste of money.,Negative
The camera is useless. Customer service ignored me. Do not buy!,Negative
"The sound is extremely powerful, handles everything with ease. So happy with it.",Positive
The screen is excellent value for money. Very durable. Love it.,Positive
"The performance is hard to use, very complicated instructions. Waste of money.",Negative
"The performance arrived damaged, slow delivery, bad packaging. Waste of money.",Negative
"The screen value is fair, but customer service was average. Average experience.",Neutral
"The battery is okay, nothing special but works fine. Standard quality.",Neutral
The sound is bugged and crashes the app constantly. Will return this.,Negative
The screen is fantastic. Exceeded my expectations. Works great.,Positive
"The delivery is okay, nothing special but works fine. It is okay.",Neutral
"The screen works perfectly, setup was super easy. So happy with it.",Positive
The battery works but has some minor issues. Average experience.,Neutral
"The screen is fine, does the job but feels mediocre. It is okay.",Neutral
The camera sound is tinny and breaks up frequently. Very disappointed.,Negative
The battery is bugged and crashes the app constantly. Waste of money.,Negative
"The delivery is great, very bright and responsive. So happy with it.",Positive
"The delivery is terrible, dies in under two hours. Waste of money. Waste of money.",Negative
"The battery is great, very bright and responsive. Good product.",Positive
The software delivery was moderate. Product is normal. Fine for now.,Neutral
The delivery is overpriced and performs poorly. Disappointed. Do not buy!,Negative
The delivery heats up way too fast and slows down. Do not buy!,Negative
The screen is useless. Customer service ignored me. Do not buy!,Negative
"The price is hard to use, very complicated instructions. Very disappointed.",Negative
"The delivery is moderate, neither good nor bad. Standard quality.",Neutral
"The build is moderate, neither good nor bad. It is okay.",Neutral
The battery photos are extremely blurry and dark. Worst ever. Terrible quality.,Negative
"The delivery value is fair, but customer service was average. It is okay.",Neutral
"The design is hard to use, very complicated instructions. Will return this.",Negative
"The sound is unresponsive, flickers constantly. Very annoying. Very disappointed.",Negative
"The camera arrived damaged, slow delivery, bad packaging. Will return this.",Negative
"The design feels cheap, plastic cracked within a week. Will return this.",Negative
"The sound is hard to use, very complicated instructions. Terrible quality.",Negative
The sound photos are extremely blurry and dark. Worst ever. Will return this.,Negative
The performance photos are extremely blurry and dark. Worst ever. Do not buy!,Negative
"The camera feels cheap, plastic cracked within a week. Waste of money.",Negative
"The screen is average, lasts about half a day. Nothing impressive.",Neutral
"The sound is unresponsive, flickers constantly. Very annoying. Terrible quality.",Negative
The sound is amazing and lasts all day. Highly recommend! Love it.,Positive
"The design is terrible, dies in under two hours. Waste of money. Waste of money.",Negative
"The sound value is fair, but customer service was average. It is okay.",Neutral
The delivery was incredibly fast. Customer support is wonderful. Works great.,Positive
"The camera is simple, but has some limitations. Nothing impressive.",Neutral
The camera is amazing and lasts all day. Highly recommend! Works great.,Positive
The software photos are extremely blurry and dark. Worst ever. Will return this.,Negative
The delivery is useless. Customer service ignored me. Will return this.,Negative
The screen works but has some minor issues. It is okay.,Neutral
The camera photos are extremely blurry and dark. Worst ever. Do not buy!,Negative
"The sound value is fair, but customer service was average. Nothing impressive.",Neutral
"The screen is hard to use, very complicated instructions. Do not buy!",Negative
"The delivery is hard to use, very complicated instructions. Do not buy!",Negative
"The performance is fine, does the job but feels mediocre. Fine for now.",Neutral
The delivery is excellent value for money. Very durable. Absolutely perfect!,Positive
"The price works perfectly, setup was super easy. Good product.",Positive
"The camera is unresponsive, flickers constantly. Very annoying. Very disappointed.",Negative
The design was incredibly fast. Customer support is wonderful. So happy with it.,Positive
"The performance is okay for the price, fairly standard. It is okay.",Neutral
"The sound feels cheap, plastic cracked within a week. Waste of money.",Negative
The sound was incredibly fast. Customer support is wonderful. Good product.,Positive
"The performance works perfectly, setup was super easy. So happy with it.",Positive
"The performance feels cheap, plastic cracked within a week. Will return this.",Negative
The delivery was incredibly fast. Customer support is wonderful. So happy with it.,Positive
"The sound feels cheap, plastic cracked within a week. Very disappointed.",Negative
"The software is unresponsive, flickers constantly. Very annoying. Do not buy!",Negative
"The screen is decent, but could be improved. Average experience.",Neutral
The camera is excellent value for money. Very durable. So happy with it.,Positive
The software is useless. Customer service ignored me. Do not buy!,Negative
The delivery works but has some minor issues. Average experience.,Neutral
The performance heats up way too fast and slows down. Terrible quality.,Negative
The delivery is amazing and lasts all day. Highly recommend! Absolutely perfect!,Positive
"The performance is moderate, neither good nor bad. Standard quality.",Neutral
"The delivery is terrible, dies in under two hours. Waste of money. Terrible quality.",Negative
The price is bugged and crashes the app constantly. Will return this.,Negative
"The sound is okay, nothing special but works fine. Fine for now.",Neutral
"The build is simple, but has some limitations. Average experience.",Neutral
"The battery is great, very bright and responsive. Good product.",Positive
"The camera is simple, but has some limitations. Nothing impressive.",Neutral
The camera quality is absolutely top notch. Extremely clear. Works great.,Positive
"The price is okay for the price, fairly standard. Average experience.",Neutral
"The battery is okay for the price, fairly standard. Nothing impressive.",Neutral
"The support is unresponsive, flickers constantly. Very annoying. Terrible quality.",Negative
"The performance arrived damaged, slow delivery, bad packaging. Very disappointed.",Negative
The support is useless. Customer service ignored me. Waste of money.,Negative
"The software is simple, but has some limitations. Fine for now.",Neutral
"The price arrived damaged, slow delivery, bad packaging. Will return this.",Negative
"The software is terrible, dies in under two hours. Waste of money. Will return this.",Negative
"The performance feels premium, love the sleek aesthetic. Works great.",Positive
The price sound is tinny and breaks up frequently. Waste of money.,Negative
"The software is extremely powerful, handles everything with ease. Absolutely perfect!",Positive
The build is the best purchase I have made. Super high quality. Works great.,Positive
"The build is average, lasts about half a day. Fine for now.",Neutral
The camera is amazing and lasts all day. Highly recommend! So happy with it.,Positive
The sound is amazing and lasts all day. Highly recommend! So happy with it.,Positive
The build is the best purchase I have made. Super high quality. Good product.,Positive
The screen delivery was moderate. Product is normal. It is okay.,Neutral
"The performance is fine, does the job but feels mediocre. It is okay.",Neutral
"The design is extremely powerful, handles everything with ease. Works great.",Positive
"The build is fine, does the job but feels mediocre. Standard quality.",Neutral
The design heats up way too fast and slows down. Will return this.,Negative
The performance was incredibly fast. Customer support is wonderful. Absolutely perfect!,Positive
"The screen is extremely powerful, handles everything with ease. Works great.",Positive
"The battery is unresponsive, flickers constantly. Very annoying. Very disappointed.",Negative
The build is bugged and crashes the app constantly. Very disappointed.,Negative
The price was incredibly fast. Customer support is wonderful. Works great.,Positive
"The screen is simple, but has some limitations. Fine for now.",Neutral
"The camera is extremely powerful, handles everything with ease. So happy with it.",Positive
The sound was incredibly fast. Customer support is wonderful. Good product.,Positive
The build photos are extremely blurry and dark. Worst ever. Waste of money.,Negative
The design is amazing and lasts all day. Highly recommend! Works great.,Positive
"The camera is unresponsive, flickers constantly. Very annoying. Do not buy!",Negative
The design delivery was moderate. Product is normal. Nothing impressive.,Neutral
"The performance is extremely powerful, handles everything with ease. Absolutely perfect!",Positive
"The delivery is standard, as expected from this model. It is okay.",Neutral
"The delivery arrived damaged, slow delivery, bad packaging. Terrible quality.",Negative
"The delivery is moderate, neither good nor bad. It is okay.",Neutral
The software is fantastic. Exceeded my expectations. So happy with it.,Positive
"The support is fine, does the job but feels mediocre. Average experience.",Neutral
"The design is great, very bright and responsive. Works great.",Positive
"The software value is fair, but customer service was average. Fine for now.",Neutral
"The battery is terrible, dies in under two hours. Waste of money. Terrible quality.",Negative
"The delivery sound is crystal clear, very comfortable. Good product.",Positive
"The battery is standard, as expected from this model. Fine for now.",Neutral
"The camera is terrible, dies in under two hours. Waste of money. Terrible quality.",Negative
The screen works but has some minor issues. Average experience.,Neutral
"The camera arrived damaged, slow delivery, bad packaging. Waste of money.",Negative
"The design is okay for the price, fairly standard. Standard quality.",Neutral
The design is bugged and crashes the app constantly. Will return this.,Negative
"The price is hard to use, very complicated instructions. Waste of money.",Negative
"The support is simple, but has some limitations. Standard quality.",Neutral
The price delivery was moderate. Product is normal. Standard quality.,Neutral
The sound is excellent value for money. Very durable. Good product.,Positive
"The support feels cheap, plastic cracked within a week. Do not buy!",Negative
"The sound is terrible, dies in under two hours. Waste of money. Waste of money.",Negative
"The sound works perfectly, setup was super easy. Good product.",Positive
The build is amazing and lasts all day. Highly recommend! Love it.,Positive
The screen is excellent value for money. Very durable. Good product.,Positive
The support is overpriced and performs poorly. Disappointed. Will return this.,Negative
"The design is moderate, neither good nor bad. It is okay.",Neutral
The build is fantastic. Exceeded my expectations. So happy with it.,Positive
The sound sound is tinny and breaks up frequently. Terrible quality.,Negative
"The screen is great, very bright and responsive. Good product.",Positive
The software works but has some minor issues. Fine for now.,Neutral
The build sound is tinny and breaks up frequently. Do not buy!,Negative
The sound was incredibly fast. Customer support is wonderful. Love it.,Positive
"The battery is okay, nothing special but works fine. Average experience.",Neutral
The price works but has some minor issues. It is okay.,Neutral
The design sound is tinny and breaks up frequently. Do not buy!,Negative
The software is the best purchase I have made. Super high quality. Works great.,Positive
The camera works but has some minor issues. Average experience.,Neutral
The price is the best purchase I have made. Super high quality. Works great.,Positive
"The price feels cheap, plastic cracked within a week. Waste of money.",Negative
The sound is amazing and lasts all day. Highly recommend! Good product.,Positive
The camera photos are extremely blurry and dark. Worst ever. Very disappointed.,Negative
"The price is hard to use, very complicated instructions. Very disappointed.",Negative
"The camera is simple, but has some limitations. It is okay.",Neutral
"The design feels cheap, plastic cracked within a week. Terrible quality.",Negative
"The support is fine, does the job but feels mediocre. It is okay.",Neutral
"The price is great, very bright and responsive. Love it.",Positive
"The delivery arrived damaged, slow delivery, bad packaging. Terrible quality.",Negative
The support is useless. Customer service ignored me. Very disappointed.,Negative
The support quality is absolutely top notch. Extremely clear. Works great.,Positive
"The camera is okay for the price, fairly standard. Nothing impressive.",Neutral
The design delivery was moderate. Product is normal. Average experience.,Neutral
"The build is okay for the price, fairly standard. Fine for now.",Neutral
"The software is standard, as expected from this model. Standard quality.",Neutral
"The screen is okay, nothing special but works fine. It is okay.",Neutral
The performance is bugged and crashes the app constantly. Waste of money.,Negative
"The camera is okay for the price, fairly standard. Fine for now.",Neutral
"The design is okay, nothing special but works fine. Average experience.",Neutral
The camera heats up way too fast and slows down. Will return this.,Negative
"The build feels cheap, plastic cracked within a week. Do not buy!",Negative
"The sound value is fair, but customer service was average. Standard quality.",Neutral
"The performance is terrible, dies in under two hours. Waste of money. Very disappointed.",Negative
The performance delivery was moderate. Product is normal. Standard quality.,Neutral
The screen heats up way too fast and slows down. Very disappointed.,Negative
The design is amazing and lasts all day. Highly recommend! Absolutely perfect!,Positive
"The sound is terrible, dies in under two hours. Waste of money. Terrible quality.",Negative
"The build is terrible, dies in under two hours. Waste of money. Very disappointed.",Negative
"The camera is terrible, dies in under two hours. Waste of money. Terrible quality.",Negative
"The delivery is okay for the price, fairly standard. Nothing impressive.",Neutral
"The battery is extremely powerful, handles everything with ease. Absolutely perfect!",Positive
The battery is fantastic. Exceeded my expectations. So happy with it.,Positive
The software quality is absolutely top notch. Extremely clear. Works great.,Positive
The screen is the best purchase I have made. Super high quality. Love it.,Positive
The screen sound is tinny and breaks up frequently. Do not buy!,Negative
The software is the best purchase I have made. Super high quality. Absolutely perfect!,Positive
The design heats up way too fast and slows down. Do not buy!,Negative
"The build sound is crystal clear, very comfortable. Good product.",Positive
The battery is bugged and crashes the app constantly. Waste of money.,Negative
The sound is useless. Customer service ignored me. Very disappointed.,Negative
The software delivery was moderate. Product is normal. It is okay.,Neutral
The battery is fantastic. Exceeded my expectations. Works great.,Positive
The sound quality is absolutely top notch. Extremely clear. So happy with it.,Positive
"The price feels premium, love the sleek aesthetic. Works great.",Positive
"The sound is moderate, neither good nor bad. Nothing impressive.",Neutral
The sound quality is absolutely top notch. Extremely clear. So happy with it.,Positive
The delivery is the best purchase I have made. Super high quality. Works great.,Positive
"The software is extremely powerful, handles everything with ease. Love it.",Positive
The camera is excellent value for money. Very durable. Absolutely perfect!,Positive
"The support sound is crystal clear, very comfortable. Works great.",Positive
"The camera is hard to use, very complicated instructions. Terrible quality.",Negative
"The build sound is crystal clear, very comfortable. Works great.",Positive
"The battery value is fair, but customer service was average. It is okay.",Neutral
The price was incredibly fast. Customer support is wonderful. Works great.,Positive
The delivery quality is absolutely top notch. Extremely clear. Works great.,Positive
"The delivery is average, lasts about half a day. It is okay.",Neutral
"The support is terrible, dies in under two hours. Waste of money. Terrible quality.",Negative
"The camera arrived damaged, slow delivery, bad packaging. Will return this.",Negative
The camera was incredibly fast. Customer support is wonderful. Works great.,Positive
"The design feels cheap, plastic cracked within a week. Waste of money.",Negative
"The screen is fine, does the job but feels mediocre. Nothing impressive.",Neutral
"The camera value is fair, but customer service was average. It is okay.",Neutral
"The support works perfectly, setup was super easy. Absolutely perfect!",Positive
"The price is average, lasts about half a day. Standard quality.",Neutral
The support quality is absolutely top notch. Extremely clear. Works great.,Positive
The delivery delivery was moderate. Product is normal. Nothing impressive.,Neutral
"The sound value is fair, but customer service was average. Standard quality.",Neutral
The delivery is fantastic. Exceeded my expectations. Absolutely perfect!,Positive
The performance quality is absolutely top notch. Extremely clear. Love it.,Positive
"The camera sound is crystal clear, very comfortable. Good product.",Positive
"The screen is okay, nothing special but works fine. Nothing impressive.",Neutral
The design sound is tinny and breaks up frequently. Terrible quality.,Negative
The price is amazing and lasts all day. Highly recommend! Absolutely perfect!,Positive
"The build arrived damaged, slow delivery, bad packaging. Waste of money.",Negative
"The software is simple, but has some limitations. Standard quality.",Neutral
"The price is average, lasts about half a day. It is okay.",Neutral
"The battery sound is crystal clear, very comfortable. So happy with it.",Positive
"The sound is okay, nothing special but works fine. Fine for now.",Neutral
"The camera sound is crystal clear, very comfortable. Good product.",Positive
"The camera is okay, nothing special but works fine. Average experience.",Neutral
"The battery is great, very bright and responsive. So happy with it.",Positive
"The build is great, very bright and responsive. Love it.",Positive
"The support is extremely powerful, handles everything with ease. Works great.",Positive
The build is fantastic. Exceeded my expectations. Works great.,Positive
"The screen is terrible, dies in under two hours. Waste of money. Terrible quality.",Negative
The support photos are extremely blurry and dark. Worst ever. Very disappointed.,Negative
The sound quality is absolutely top notch. Extremely clear. Absolutely perfect!,Positive
"The price is great, very bright and responsive. Absolutely perfect!",Positive
The software was incredibly fast. Customer support is wonderful. So happy with it.,Positive
The support is the best purchase I have made. Super high quality. So happy with it.,Positive
"The price is standard, as expected from this model. Nothing impressive.",Neutral
The design was incredibly fast. Customer support is wonderful. Absolutely perfect!,Positive
"The battery arrived damaged, slow delivery, bad packaging. Terrible quality.",Negative
"The camera feels cheap, plastic cracked within a week. Very disappointed.",Negative
The performance sound is tinny and breaks up frequently. Will return this.,Negative
"The performance is moderate, neither good nor bad. It is okay.",Neutral
"The build feels premium, love the sleek aesthetic. Works great.",Positive
"The sound is average, lasts about half a day. Average experience.",Neutral
"The screen sound is crystal clear, very comfortable. Works great.",Positive
"The build works perfectly, setup was super easy. Love it.",Positive
"The battery is average, lasts about half a day. Average experience.",Neutral
The sound is useless. Customer service ignored me. Very disappointed.,Negative
The build is the best purchase I have made. Super high quality. So happy with it.,Positive
The sound is excellent value for money. Very durable. Absolutely perfect!,Positive
"The price is great, very bright and responsive. Absolutely perfect!",Positive
"The performance is okay for the price, fairly standard. Average experience.",Neutral
"The design feels cheap, plastic cracked within a week. Waste of money.",Negative
"The delivery works perfectly, setup was super easy. Good product.",Positive
"The build value is fair, but customer service was average. Fine for now.",Neutral
"The delivery is okay, nothing special but works fine. Nothing impressive.",Neutral
"The sound is moderate, neither good nor bad. It is okay.",Neutral
The camera works but has some minor issues. Fine for now.,Neutral
"The price is moderate, neither good nor bad. Nothing impressive.",Neutral
"The software is decent, but could be improved. Standard quality.",Neutral
"The support is moderate, neither good nor bad. Nothing impressive.",Neutral
"The delivery feels cheap, plastic cracked within a week. Terrible quality.",Negative
"The software is okay for the price, fairly standard. Fine for now.",Neutral
The support is excellent value for money. Very durable. Good product.,Positive
"The support feels cheap, plastic cracked within a week. Terrible quality.",Negative
The software is the best purchase I have made. Super high quality. So happy with it.,Positive
The battery is bugged and crashes the app constantly. Waste of money.,Negative
"The screen is terrible, dies in under two hours. Waste of money. Waste of money.",Negative
The camera is bugged and crashes the app constantly. Will return this.,Negative
"The screen sound is crystal clear, very comfortable. So happy with it.",Positive
"The performance arrived damaged, slow delivery, bad packaging. Waste of money.",Negative
"The battery arrived damaged, slow delivery, bad packaging. Very disappointed.",Negative
The sound heats up way too fast and slows down. Very disappointed.,Negative
"The support works perfectly, setup was super easy. Works great.",Positive
"The design is terrible, dies in under two hours. Waste of money. Terrible quality.",Negative
"The battery value is fair, but customer service was average. Fine for now.",Neutral
The sound delivery was moderate. Product is normal. Average experience.,Neutral
The delivery is the best purchase I have made. Super high quality. Works great.,Positive
"The camera feels cheap, plastic cracked within a week. Will return this.",Negative
"The build is standard, as expected from this model. Nothing impressive.",Neutral
"The price is extremely powerful, handles everything with ease. Works great.",Positive
"The build is terrible, dies in under two hours. Waste of money. Waste of money.",Negative
"The software is moderate, neither good nor bad. Average experience.",Neutral
"The battery is average, lasts about half a day. Nothing impressive.",Neutral
The delivery delivery was moderate. Product is normal. Standard quality.,Neutral
The build is amazing and lasts all day. Highly recommend! Love it.,Positive
"The screen works perfectly, setup was super easy. Good product.",Positive
The camera delivery was moderate. Product is normal. It is okay.,Neutral
The delivery works but has some minor issues. Nothing impressive.,Neutral
"The battery feels cheap, plastic cracked within a week. Very disappointed.",Negative
"The design arrived damaged, slow delivery, bad packaging. Waste of money.",Negative
"The design is great, very bright and responsive. Good product.",Positive
"The design value is fair, but customer service was average. Average experience.",Neutral
"The support is fine, does the job but feels mediocre. Standard quality.",Neutral
The camera is bugged and crashes the app constantly. Waste of money.,Negative
The delivery is the best purchase I have made. Super high quality. Works great.,Positive
The delivery sound is tinny and breaks up frequently. Terrible quality.,Negative
"The software is average, lasts about half a day. Standard quality.",Neutral
The build heats up way too fast and slows down. Very disappointed.,Negative
"The battery is okay for the price, fairly standard. It is okay.",Neutral
The screen is the best purchase I have made. Super high quality. Love it.,Positive
The battery is useless. Customer service ignored me. Do not buy!,Negative
The performance was incredibly fast. Customer support is wonderful. Absolutely perfect!,Positive
"The support is simple, but has some limitations. Standard quality.",Neutral
"The software is extremely powerful, handles everything with ease. So happy with it.",Positive
"The support sound is crystal clear, very comfortable. So happy with it.",Positive
The build is the best purchase I have made. Super high quality. Love it.,Positive
The price is fantastic. Exceeded my expectations. So happy with it.,Positive
"The software is decent, but could be improved. Standard quality.",Neutral
"The price is great, very bright and responsive. So happy with it.",Positive
The software is useless. Customer service ignored me. Terrible quality.,Negative
The battery is bugged and crashes the app constantly. Terrible quality.,Negative
"The support is fine, does the job but feels mediocre. Standard quality.",Neutral
"The camera sound is crystal clear, very comfortable. Absolutely perfect!",Positive
"The price is fine, does the job but feels mediocre. It is okay.",Neutral
"The battery is standard, as expected from this model. Average experience.",Neutral
The price is excellent value for money. Very durable. Good product.,Positive
"The design is great, very bright and responsive. So happy with it.",Positive
"The performance is standard, as expected from this model. Standard quality.",Neutral
"The support is moderate, neither good nor bad. Fine for now.",Neutral
"The camera is okay for the price, fairly standard. Standard quality.",Neutral
The camera quality is absolutely top notch. Extremely clear. Love it.,Positive
"The design sound is crystal clear, very comfortable. Works great.",Positive
The software delivery was moderate. Product is normal. It is okay.,Neutral
"The sound is okay for the price, fairly standard. Fine for now.",Neutral
"The performance is hard to use, very complicated instructions. Waste of money.",Negative
"The build is average, lasts about half a day. Standard quality.",Neutral
"The delivery feels premium, love the sleek aesthetic. Absolutely perfect!",Positive
"The support is unresponsive, flickers constantly. Very annoying. Terrible quality.",Negative
"The price arrived damaged, slow delivery, bad packaging. Do not buy!",Negative
"The performance is decent, but could be improved. Standard quality.",Neutral
The screen is useless. Customer service ignored me. Very disappointed.,Negative
The battery is amazing and lasts all day. Highly recommend! Love it.,Positive
The performance is bugged and crashes the app constantly. Will return this.,Negative
"The screen sound is crystal clear, very comfortable. Absolutely perfect!",Positive
"The screen is standard, as expected from this model. Standard quality.",Neutral
"The screen is extremely powerful, handles everything with ease. So happy with it.",Positive
"The performance is standard, as expected from this model. Standard quality.",Neutral
The design was incredibly fast. Customer support is wonderful. Love it.,Positive
"The camera value is fair, but customer service was average. Average experience.",Neutral
"The design is moderate, neither good nor bad. It is okay.",Neutral
The sound delivery was moderate. Product is normal. Nothing impressive.,Neutral
"The build is okay for the price, fairly standard. Standard quality.",Neutral
The price delivery was moderate. Product is normal. It is okay.,Neutral
The support is the best purchase I have made. Super high quality. Good product.,Positive
"The screen is hard to use, very complicated instructions. Very disappointed.",Negative
The sound is useless. Customer service ignored me. Will return this.,Negative
The performance is bugged and crashes the app constantly. Will return this.,Negative
"The design is simple, but has some limitations. Nothing impressive.",Neutral
The delivery quality is absolutely top notch. Extremely clear. Love it.,Positive
The build is useless. Customer service ignored me. Do not buy!,Negative
"The software is fine, does the job but feels mediocre. Standard quality.",Neutral
The camera is excellent value for money. Very durable. Absolutely perfect!,Positive
The price is bugged and crashes the app constantly. Very disappointed.,Negative
The price quality is absolutely top notch. Extremely clear. So happy with it.,Positive
"The delivery is extremely powerful, handles everything with ease. Good product.",Positive
"The sound is moderate, neither good nor bad. Standard quality.",Neutral
The software is overpriced and performs poorly. Disappointed. Will return this.,Negative
The design is amazing and lasts all day. Highly recommend! Absolutely perfect!,Positive
The software delivery was moderate. Product is normal. It is okay.,Neutral
The sound works but has some minor issues. Standard quality.,Neutral
"The screen works perfectly, setup was super easy. Love it.",Positive
"The support is decent, but could be improved. Fine for now.",Neutral
"The delivery is great, very bright and responsive. So happy with it.",Positive
The sound sound is tinny and breaks up frequently. Do not buy!,Negative
The design is amazing and lasts all day. Highly recommend! Works great.,Positive
"The software works perfectly, setup was super easy. Love it.",Positive
The build is excellent value for money. Very durable. Works great.,Positive
"The price sound is crystal clear, very comfortable. Works great.",Positive
"The price is fine, does the job but feels mediocre. Standard quality.",Neutral
"The software is terrible, dies in under two hours. Waste of money. Waste of money.",Negative
"The camera works perfectly, setup was super easy. Love it.",Positive
The price works but has some minor issues. It is okay.,Neutral
"The software feels premium, love the sleek aesthetic. Good product.",Positive
The price is excellent value for money. Very durable. Good product.,Positive
"The build is extremely powerful, handles everything with ease. Love it.",Positive
"The price is extremely powerful, handles everything with ease. So happy with it.",Positive
"The battery works perfectly, setup was super easy. Love it.",Positive
The software works but has some minor issues. It is okay.,Neutral
"The build feels cheap, plastic cracked within a week. Waste of money.",Negative
"The sound is extremely powerful, handles everything with ease. So happy with it.",Positive
The sound delivery was moderate. Product is normal. Average experience.,Neutral
"The software works perfectly, setup was super easy. So happy with it.",Positive
The software heats up way too fast and slows down. Very disappointed.,Negative
"The performance value is fair, but customer service was average. Nothing impressive.",Neutral
The screen is the best purchase I have made. Super high quality. Good product.,Positive
The price is excellent value for money. Very durable. Good product.,Positive
The build is the best purchase I have made. Super high quality. Love it.,Positive
"The support is decent, but could be improved. Fine for now.",Neutral
"The sound is extremely powerful, handles everything with ease. So happy with it.",Positive
The support heats up way too fast and slows down. Waste of money.,Negative
"The battery works perfectly, setup was super easy. Works great.",Positive
The sound was incredibly fast. Customer support is wonderful. So happy with it.,Positive
"The build works perfectly, setup was super easy. Love it.",Positive
The performance is bugged and crashes the app constantly. Waste of money.,Negative
The price is fantastic. Exceeded my expectations. Absolutely perfect!,Positive
"The design works perfectly, setup was super easy. Works great.",Positive
"The battery is unresponsive, flickers constantly. Very annoying. Terrible quality.",Negative
The design is useless. Customer service ignored me. Do not buy!,Negative
The screen quality is absolutely top notch. Extremely clear. Absolutely perfect!,Positive
The support is bugged and crashes the app constantly. Waste of money.,Negative
The camera is bugged and crashes the app constantly. Terrible quality.,Negative
"The support is moderate, neither good nor bad. Nothing impressive.",Neutral
"The camera is simple, but has some limitations. It is okay.",Neutral
"The build is terrible, dies in under two hours. Waste of money. Terrible quality.",Negative
"The software is okay, nothing special but works fine. Average experience.",Neutral
The sound delivery was moderate. Product is normal. Fine for now.,Neutral
The software sound is tinny and breaks up frequently. Very disappointed.,Negative
"The support is extremely powerful, handles everything with ease. Love it.",Positive
"The camera is average, lasts about half a day. It is okay.",Neutral
The camera is the best purchase I have made. Super high quality. So happy with it.,Positive
The battery photos are extremely blurry and dark. Worst ever. Very disappointed.,Negative
"The delivery is standard, as expected from this model. Standard quality.",Neutral
The screen sound is tinny and breaks up frequently. Very disappointed.,Negative
The battery delivery was moderate. Product is normal. Average experience.,Neutral
The delivery works but has some minor issues. Fine for now.,Neutral
"The delivery works perfectly, setup was super easy. Good product.",Positive
"The performance arrived damaged, slow delivery, bad packaging. Very disappointed.",Negative
"The price feels premium, love the sleek aesthetic. Works great.",Positive
The support heats up way too fast and slows down. Waste of money.,Negative
The performance is the best purchase I have made. Super high quality. Works great.,Positive
"The software is fine, does the job but feels mediocre. It is okay.",Neutral
The camera is useless. Customer service ignored me. Very disappointed.,Negative
"The price is okay for the price, fairly standard. Fine for now.",Neutral
The battery photos are extremely blurry and dark. Worst ever. Will return this.,Negative
"The sound is simple, but has some limitations. Fine for now.",Neutral
"The camera is fine, does the job but feels mediocre. Fine for now.",Neutral
"The battery is simple, but has some limitations. Fine for now.",Neutral
"The software is decent, but could be improved. It is okay.",Neutral
"The camera works perfectly, setup was super easy. Good product.",Positive
The screen is excellent value for money. Very durable. Good product.,Positive
"The performance is unresponsive, flickers constantly. Very annoying. Do not buy!",Negative
"The battery feels cheap, plastic cracked within a week. Waste of money.",Negative
"The screen is unresponsive, flickers constantly. Very annoying. Will return this.",Negative
The support is the best purchase I have made. Super high quality. Good product.,Positive
"The camera is extremely powerful, handles everything with ease. Good product.",Positive
The support photos are extremely blurry and dark. Worst ever. Waste of money.,Negative
The screen sound is tinny and breaks up frequently. Will return this.,Negative
The screen is excellent value for money. Very durable. Absolutely perfect!,Positive
"The screen arrived damaged, slow delivery, bad packaging. Do not buy!",Negative
"The screen is great, very bright and responsive. Good product.",Positive
The software is amazing and lasts all day. Highly recommend! Good product.,Positive
"The sound is decent, but could be improved. It is okay.",Neutral
The sound is fantastic. Exceeded my expectations. Good product.,Positive
The camera is overpriced and performs poorly. Disappointed. Do not buy!,Negative
"The delivery is simple, but has some limitations. Average experience.",Neutral
The camera is excellent value for money. Very durable. So happy with it.,Positive
The support works but has some minor issues. Average experience.,Neutral
The price heats up way too fast and slows down. Very disappointed.,Negative
"The build is terrible, dies in under two hours. Waste of money. Do not buy!",Negative
"The performance works perfectly, setup was super easy. Works great.",Positive
"The software is hard to use, very complicated instructions. Terrible quality.",Negative
"The performance is decent, but could be improved. Average experience.",Neutral
"The sound is moderate, neither good nor bad. Nothing impressive.",Neutral
"The support sound is crystal clear, very comfortable. Absolutely perfect!",Positive
The sound heats up way too fast and slows down. Will return this.,Negative
"The battery is simple, but has some limitations. Nothing impressive.",Neutral
"The sound is moderate, neither good nor bad. It is okay.",Neutral
The sound quality is absolutely top notch. Extremely clear. Love it.,Positive
The build works but has some minor issues. It is okay.,Neutral
The support works but has some minor issues. It is okay.,Neutral
"The build is okay for the price, fairly standard. Average experience.",Neutral
"The camera is hard to use, very complicated instructions. Do not buy!",Negative
The sound is bugged and crashes the app constantly. Very disappointed.,Negative
The software photos are extremely blurry and dark. Worst ever. Do not buy!,Negative
The battery is excellent value for money. Very durable. Absolutely perfect!,Positive
The price sound is tinny and breaks up frequently. Do not buy!,Negative
The delivery heats up way too fast and slows down. Terrible quality.,Negative
The performance is fantastic. Exceeded my expectations. Good product.,Positive
The build heats up way too fast and slows down. Terrible quality.,Negative
The battery is overpriced and performs poorly. Disappointed. Waste of money.,Negative
"The performance is hard to use, very complicated instructions. Terrible quality.",Negative
"The battery is okay, nothing special but works fine. Standard quality.",Neutral
"The delivery is unresponsive, flickers constantly. Very annoying. Terrible quality.",Negative
"The performance works perfectly, setup was super easy. Absolutely perfect!",Positive
"The support is great, very bright and responsive. Love it.",Positive
"The delivery value is fair, but customer service was average. Nothing impressive.",Neutral
"The build is moderate, neither good nor bad. Nothing impressive.",Neutral
"The design is unresponsive, flickers constantly. Very annoying. Do not buy!",Negative
"The build is extremely powerful, handles everything with ease. Works great.",Positive
"The design is okay, nothing special but works fine. It is okay.",Neutral
"The support is fine, does the job but feels mediocre. Fine for now.",Neutral
The camera delivery was moderate. Product is normal. Fine for now.,Neutral
"The design works perfectly, setup was super easy. Good product.",Positive
"The software is hard to use, very complicated instructions. Terrible quality.",Negative
"The sound works perfectly, setup was super easy. Absolutely perfect!",Positive
"The battery is hard to use, very complicated instructions. Terrible quality.",Negative
The design is overpriced and performs poorly. Disappointed. Terrible quality.,Negative
The design photos are extremely blurry and dark. Worst ever. Waste of money.,Negative
The price is overpriced and performs poorly. Disappointed. Do not buy!,Negative
"The battery is extremely powerful, handles everything with ease. Absolutely perfect!",Positive
"The price works perfectly, setup was super easy. Absolutely perfect!",Positive
"The build is simple, but has some limitations. Average experience.",Neutral
"The price is average, lasts about half a day. Nothing impressive.",Neutral
"The screen is hard to use, very complicated instructions. Do not buy!",Negative
The build heats up way too fast and slows down. Do not buy!,Negative
"The performance works perfectly, setup was super easy. Love it.",Positive
The design is overpriced and performs poorly. Disappointed. Will return this.,Negative
"The build is moderate, neither good nor bad. Average experience.",Neutral
"The price is simple, but has some limitations. Average experience.",Neutral
"The battery is great, very bright and responsive. Love it.",Positive
"The screen feels premium, love the sleek aesthetic. Absolutely perfect!",Positive
"The build is decent, but could be improved. It is okay.",Neutral
The build was incredibly fast. Customer support is wonderful. Love it.,Positive
"The software feels premium, love the sleek aesthetic. Love it.",Positive
"The camera is fine, does the job but feels mediocre. It is okay.",Neutral
The design was incredibly fast. Customer support is wonderful. Works great.,Positive
"The camera is decent, but could be improved. Nothing impressive.",Neutral
"The price sound is crystal clear, very comfortable. So happy with it.",Positive
"The performance value is fair, but customer service was average. Standard quality.",Neutral
"The sound arrived damaged, slow delivery, bad packaging. Terrible quality.",Negative
"The performance is extremely powerful, handles everything with ease. Works great.",Positive
"The camera is extremely powerful, handles everything with ease. So happy with it.",Positive
"The battery is moderate, neither good nor bad. Average experience.",Neutral
"The price works perfectly, setup was super easy. So happy with it.",Positive
The software photos are extremely blurry and dark. Worst ever. Very disappointed.,Negative
The software is useless. Customer service ignored me. Very disappointed.,Negative
"The camera is extremely powerful, handles everything with ease. Absolutely perfect!",Positive
"The design feels cheap, plastic cracked within a week. Do not buy!",Negative
"The delivery arrived damaged, slow delivery, bad packaging. Terrible quality.",Negative
"The sound is standard, as expected from this model. Standard quality.",Neutral
The support photos are extremely blurry and dark. Worst ever. Do not buy!,Negative
"The delivery is fine, does the job but feels mediocre. Average experience.",Neutral
"The performance is standard, as expected from this model. Fine for now.",Neutral
"The screen value is fair, but customer service was average. Standard quality.",Neutral
"The screen sound is crystal clear, very comfortable. Works great.",Positive
"The performance value is fair, but customer service was average. Fine for now.",Neutral
"The battery value is fair, but customer service was average. It is okay.",Neutral
The design quality is absolutely top notch. Extremely clear. Good product.,Positive
"The sound is hard to use, very complicated instructions. Terrible quality.",Negative
"The battery is moderate, neither good nor bad. It is okay.",Neutral
The performance heats up way too fast and slows down. Very disappointed.,Negative
"The sound sound is crystal clear, very comfortable. Love it.",Positive
The screen photos are extremely blurry and dark. Worst ever. Will return this.,Negative
"The delivery is terrible, dies in under two hours. Waste of money. Will return this.",Negative
The support is the best purchase I have made. Super high quality. Love it.,Positive
"The performance feels premium, love the sleek aesthetic. Love it.",Positive
"The camera is hard to use, very complicated instructions. Will return this.",Negative
The performance works but has some minor issues. Fine for now.,Neutral
The performance quality is absolutely top notch. Extremely clear. Good product.,Positive
"The software feels cheap, plastic cracked within a week. Will return this.",Negative
The build is the best purchase I have made. Super high quality. Love it.,Positive
"The performance is moderate, neither good nor bad. It is okay.",Neutral
The screen quality is absolutely top notch. Extremely clear. Love it.,Positive
"The sound is average, lasts about half a day. It is okay.",Neutral
"The delivery feels premium, love the sleek aesthetic. Good product.",Positive
"The camera feels cheap, plastic cracked within a week. Terrible quality.",Negative
"The software value is fair, but customer service was average. Standard quality.",Neutral
"The design is extremely powerful, handles everything with ease. Love it.",Positive
The design works but has some minor issues. It is okay.,Neutral
"The build is unresponsive, flickers constantly. Very annoying. Do not buy!",Negative
"The performance is hard to use, very complicated instructions. Do not buy!",Negative
The build is bugged and crashes the app constantly. Will return this.,Negative
"The design sound is crystal clear, very comfortable. Works great.",Positive
"The price is hard to use, very complicated instructions. Will return this.",Negative
"The design is moderate, neither good nor bad. Average experience.",Neutral
"The battery is fine, does the job but feels mediocre. Fine for now.",Neutral
"The support is okay, nothing special but works fine. It is okay.",Neutral
The battery is useless. Customer service ignored me. Waste of money.,Negative
The build is excellent value for money. Very durable. Works great.,Positive
"The sound is unresponsive, flickers constantly. Very annoying. Very disappointed.",Negative
"The build works perfectly, setup was super easy. Good product.",Positive
"The battery value is fair, but customer service was average. Standard quality.",Neutral
The battery delivery was moderate. Product is normal. Average experience.,Neutral
"The software is simple, but has some limitations. It is okay.",Neutral
"The software feels premium, love the sleek aesthetic. Good product.",Positive
"The software is okay for the price, fairly standard. Average experience.",Neutral
"The software is terrible, dies in under two hours. Waste of money. Waste of money.",Negative
"The design is great, very bright and responsive. Absolutely perfect!",Positive
"The design is okay for the price, fairly standard. Standard quality.",Neutral
The price works but has some minor issues. It is okay.,Neutral
"The battery is average, lasts about half a day. Average experience.",Neutral
The build is overpriced and performs poorly. Disappointed. Do not buy!,Negative
"The performance is great, very bright and responsive. Works great.",Positive
"The build is unresponsive, flickers constantly. Very annoying. Waste of money.",Negative
"The software is standard, as expected from this model. Standard quality.",Neutral
"The build is fine, does the job but feels mediocre. Nothing impressive.",Neutral
"The screen is extremely powerful, handles everything with ease. Works great.",Positive
The software is excellent value for money. Very durable. Absolutely perfect!,Positive
The screen was incredibly fast. Customer support is wonderful. Good product.,Positive
The battery sound is tinny and breaks up frequently. Terrible quality.,Negative
The support photos are extremely blurry and dark. Worst ever. Terrible quality.,Negative
"The performance is fine, does the job but feels mediocre. It is okay.",Neutral
"The battery is okay for the price, fairly standard. Fine for now.",Neutral
The sound photos are extremely blurry and dark. Worst ever. Do not buy!,Negative
The price quality is absolutely top notch. Extremely clear. So happy with it.,Positive
"The delivery is unresponsive, flickers constantly. Very annoying. Waste of money.",Negative
The screen quality is absolutely top notch. Extremely clear. Absolutely perfect!,Positive
"The software sound is crystal clear, very comfortable. So happy with it.",Positive
"The sound is okay for the price, fairly standard. Standard quality.",Neutral
"The performance feels premium, love the sleek aesthetic. Good product.",Positive
"The screen is decent, but could be improved. Nothing impressive.",Neutral
The camera is the best purchase I have made. Super high quality. Love it.,Positive
The build was incredibly fast. Customer support is wonderful. Works great.,Positive
"The build is moderate, neither good nor bad. Fine for now.",Neutral
The battery delivery was moderate. Product is normal. Fine for now.,Neutral
"The battery is moderate, neither good nor bad. Fine for now.",Neutral
"The performance is standard, as expected from this model. It is okay.",Neutral
"The build works perfectly, setup was super easy. So happy with it.",Positive
The support works but has some minor issues. Nothing impressive.,Neutral
"The support is moderate, neither good nor bad. Average experience.",Neutral
The battery photos are extremely blurry and dark. Worst ever. Do not buy!,Negative
The software quality is absolutely top notch. Extremely clear. Good product.,Positive
The price works but has some minor issues. It is okay.,Neutral
The battery works but has some minor issues. Fine for now.,Neutral
The support heats up way too fast and slows down. Waste of money.,Negative
"The sound works perfectly, setup was super easy. So happy with it.",Positive
The build is the best purchase I have made. Super high quality. Absolutely perfect!,Positive
"The build is okay, nothing special but works fine. Average experience.",Neutral
"The build is simple, but has some limitations. Nothing impressive.",Neutral
The build was incredibly fast. Customer support is wonderful. Absolutely perfect!,Positive
"The performance is simple, but has some limitations. Fine for now.",Neutral
"The camera is hard to use, very complicated instructions. Terrible quality.",Negative
"The build works perfectly, setup was super easy. Works great.",Positive
"The support works perfectly, setup was super easy. Works great.",Positive
"The sound is terrible, dies in under two hours. Waste of money. Very disappointed.",Negative
The support is useless. Customer service ignored me. Waste of money.,Negative
"The screen value is fair, but customer service was average. Average experience.",Neutral
The design was incredibly fast. Customer support is wonderful. Love it.,Positive
The battery is excellent value for money. Very durable. So happy with it.,Positive
The battery is amazing and lasts all day. Highly recommend! Absolutely perfect!,Positive
"The performance sound is crystal clear, very comfortable. Good product.",Positive
"The performance feels premium, love the sleek aesthetic. Absolutely perfect!",Positive
The screen photos are extremely blurry and dark. Worst ever. Will return this.,Negative
The camera sound is tinny and breaks up frequently. Terrible quality.,Negative
The battery is useless. Customer service ignored me. Waste of money.,Negative
"The support arrived damaged, slow delivery, bad packaging. Very disappointed.",Negative
The performance heats up way too fast and slows down. Waste of money.,Negative
"The sound is great, very bright and responsive. Works great.",Positive
The software is amazing and lasts all day. Highly recommend! Love it.,Positive
"The battery is unresponsive, flickers constantly. Very annoying. Very disappointed.",Negative
"The sound works perfectly, setup was super easy. Love it.",Positive
The battery photos are extremely blurry and dark. Worst ever. Waste of money.,Negative
"The support feels cheap, plastic cracked within a week. Waste of money.",Negative
"The price value is fair, but customer service was average. It is okay.",Neutral
"The support is great, very bright and responsive. Good product.",Positive
"The screen is okay for the price, fairly standard. It is okay.",Neutral
"The performance is simple, but has some limitations. Average experience.",Neutral
The support photos are extremely blurry and dark. Worst ever. Waste of money.,Negative
"The sound is great, very bright and responsive. Love it.",Positive
"The support is hard to use, very complicated instructions. Do not buy!",Negative
"The delivery is simple, but has some limitations. Fine for now.",Neutral
"The delivery is average, lasts about half a day. Standard quality.",Neutral
"The price feels cheap, plastic cracked within a week. Very disappointed.",Negative
"The performance works perfectly, setup was super easy. Works great.",Positive
The sound heats up way too fast and slows down. Very disappointed.,Negative
"The sound feels cheap, plastic cracked within a week. Do not buy!",Negative
"The camera sound is crystal clear, very comfortable. Love it.",Positive
The build is the best purchase I have made. Super high quality. Good product.,Positive
The design is amazing and lasts all day. Highly recommend! Good product.,Positive
The support delivery was moderate. Product is normal. Nothing impressive.,Neutral
"The camera is simple, but has some limitations. Standard quality.",Neutral
"The support value is fair, but customer service was average. Average experience.",Neutral
The battery sound is tinny and breaks up frequently. Very disappointed.,Negative
The battery works but has some minor issues. Average experience.,Neutral
The performance is fantastic. Exceeded my expectations. Absolutely perfect!,Positive
The support is amazing and lasts all day. Highly recommend! So happy with it.,Positive
The camera is the best purchase I have made. Super high quality. Absolutely perfect!,Positive
"The battery is hard to use, very complicated instructions. Very disappointed.",Negative
"The camera is moderate, neither good nor bad. It is okay.",Neutral
"The software is standard, as expected from this model. Average experience.",Neutral
The sound is excellent value for money. Very durable. Absolutely perfect!,Positive
"The design feels premium, love the sleek aesthetic. Works great.",Positive
"The screen sound is crystal clear, very comfortable. Absolutely perfect!",Positive
The design photos are extremely blurry and dark. Worst ever. Do not buy!,Negative
"The battery sound is crystal clear, very comfortable. Love it.",Positive
The support works but has some minor issues. Standard quality.,Neutral
"The camera is okay for the price, fairly standard. Standard quality.",Neutral
The build is bugged and crashes the app constantly. Do not buy!,Negative
"The sound is okay, nothing special but works fine. Nothing impressive.",Neutral
"The price sound is crystal clear, very comfortable. Works great.",Positive
The sound was incredibly fast. Customer support is wonderful. Good product.,Positive
"The sound feels cheap, plastic cracked within a week. Terrible quality.",Negative
The support was incredibly fast. Customer support is wonderful. Love it.,Positive
"The screen sound is crystal clear, very comfortable. So happy with it.",Positive
"The screen value is fair, but customer service was average. It is okay.",Neutral
The software is the best purchase I have made. Super high quality. So happy with it.,Positive
"The software sound is crystal clear, very comfortable. Absolutely perfect!",Positive
"The support value is fair, but customer service was average. Fine for now.",Neutral
"The sound is okay for the price, fairly standard. It is okay.",Neutral
"The delivery feels premium, love the sleek aesthetic. Love it.",Positive
"The software is great, very bright and responsive. Love it.",Positive
"The build is standard, as expected from this model. Nothing impressive.",Neutral
"The battery arrived damaged, slow delivery, bad packaging. Terrible quality.",Negative
"The sound is hard to use, very complicated instructions. Waste of money.",Negative
"The sound is average, lasts about half a day. Average experience.",Neutral
The camera quality is absolutely top notch. Extremely clear. Good product.,Positive
"The delivery is hard to use, very complicated instructions. Waste of money.",Negative
The build sound is tinny and breaks up frequently. Will return this.,Negative
The build is overpriced and performs poorly. Disappointed. Terrible quality.,Negative
"The support arrived damaged, slow delivery, bad packaging. Will return this.",Negative
The support is useless. Customer service ignored me. Terrible quality.,Negative
The design works but has some minor issues. Nothing impressive.,Neutral
The software is bugged and crashes the app constantly. Very disappointed.,Negative
"The battery sound is crystal clear, very comfortable. Good product.",Positive
"The support is unresponsive, flickers constantly. Very annoying. Very disappointed.",Negative
"The delivery is standard, as expected from this model. It is okay.",Neutral
"The camera feels cheap, plastic cracked within a week. Waste of money.",Negative
The screen quality is absolutely top notch. Extremely clear. Love it.,Positive
The sound photos are extremely blurry and dark. Worst ever. Do not buy!,Negative
The support quality is absolutely top notch. Extremely clear. Works great.,Positive
"The delivery is terrible, dies in under two hours. Waste of money. Very disappointed.",Negative
The design heats up way too fast and slows down. Will return this.,Negative
"The delivery is unresponsive, flickers constantly. Very annoying. Waste of money.",Negative
"The screen is terrible, dies in under two hours. Waste of money. Do not buy!",Negative
The design was incredibly fast. Customer support is wonderful. So happy with it.,Positive
"The screen is extremely powerful, handles everything with ease. So happy with it.",Positive
The build heats up way too fast and slows down. Terrible quality.,Negative
"The design sound is crystal clear, very comfortable. Works great.",Positive
"The performance is terrible, dies in under two hours. Waste of money. Will return this.",Negative
The sound heats up way too fast and slows down. Do not buy!,Negative
The build is bugged and crashes the app constantly. Very disappointed.,Negative
The price is the best purchase I have made. Super high quality. Love it.,Positive
"The delivery is moderate, neither good nor bad. Nothing impressive.",Neutral
"The performance is great, very bright and responsive. Good product.",Positive
The screen is useless. Customer service ignored me. Do not buy!,Negative
"The performance is unresponsive, flickers constantly. Very annoying. Very disappointed.",Negative
"The camera is great, very bright and responsive. Love it.",Positive
The support is bugged and crashes the app constantly. Waste of money.,Negative
"The delivery is unresponsive, flickers constantly. Very annoying. Very disappointed.",Negative
The sound heats up way too fast and slows down. Terrible quality.,Negative
"The support is moderate, neither good nor bad. It is okay.",Neutral
The software heats up way too fast and slows down. Very disappointed.,Negative
"The delivery is decent, but could be improved. It is okay.",Neutral
"The software feels cheap, plastic cracked within a week. Terrible quality.",Negative
"The performance is great, very bright and responsive. So happy with it.",Positive
"The delivery is okay, nothing special but works fine. It is okay.",Neutral
The build sound is tinny and breaks up frequently. Will return this.,Negative
"The screen is standard, as expected from this model. Standard quality.",Neutral
"The battery feels cheap, plastic cracked within a week. Waste of money.",Negative
The price is useless. Customer service ignored me. Waste of money.,Negative
"The sound arrived damaged, slow delivery, bad packaging. Will return this.",Negative
"The performance is unresponsive, flickers constantly. Very annoying. Will return this.",Negative
"The price is unresponsive, flickers constantly. Very annoying. Will return this.",Negative
"The design is simple, but has some limitations. Nothing impressive.",Neutral
"The battery is terrible, dies in under two hours. Waste of money. Terrible quality.",Negative
"The support is unresponsive, flickers constantly. Very annoying. Will return this.",Negative
The price is fantastic. Exceeded my expectations. Love it.,Positive
"The sound arrived damaged, slow delivery, bad packaging. Very disappointed.",Negative
"The screen feels cheap, plastic cracked within a week. Waste of money.",Negative
The software works but has some minor issues. Average experience.,Neutral
"The software is okay for the price, fairly standard. Fine for now.",Neutral
The battery is bugged and crashes the app constantly. Waste of money.,Negative
"The performance value is fair, but customer service was average. Average experience.",Neutral
"The battery feels cheap, plastic cracked within a week. Will return this.",Negative
"The software feels cheap, plastic cracked within a week. Waste of money.",Negative
The screen heats up way too fast and slows down. Will return this.,Negative
"The design is fine, does the job but feels mediocre. Nothing impressive.",Neutral
The software is useless. Customer service ignored me. Terrible quality.,Negative
"The camera is okay for the price, fairly standard. It is okay.",Neutral
The battery sound is tinny and breaks up frequently. Very disappointed.,Negative
The sound is useless. Customer service ignored me. Waste of money.,Negative
The performance sound is tinny and breaks up frequently. Waste of money.,Negative
The battery is excellent value for money. Very durable. Good product.,Positive
"The support is standard, as expected from this model. Average experience.",Neutral
"The support is simple, but has some limitations. Fine for now.",Neutral
"The design is standard, as expected from this model. Standard quality.",Neutral
"The support is hard to use, very complicated instructions. Terrible quality.",Negative
The support quality is absolutely top notch. Extremely clear. Absolutely perfect!,Positive
The support is the best purchase I have made. Super high quality. Good product.,Positive
"The delivery works perfectly, setup was super easy. Works great.",Positive
The delivery delivery was moderate. Product is normal. It is okay.,Neutral
"The sound is extremely powerful, handles everything with ease. Absolutely perfect!",Positive
The screen is overpriced and performs poorly. Disappointed. Will return this.,Negative
"The battery sound is crystal clear, very comfortable. Good product.",Positive
The camera works but has some minor issues. Nothing impressive.,Neutral
"The performance is great, very bright and responsive. Absolutely perfect!",Positive
"The delivery is fine, does the job but feels mediocre. Standard quality.",Neutral
"The camera is unresponsive, flickers constantly. Very annoying. Will return this.",Negative
The software is overpriced and performs poorly. Disappointed. Will return this.,Negative
"The software is moderate, neither good nor bad. Nothing impressive.",Neutral
The support is overpriced and performs poorly. Disappointed. Waste of money.,Negative
"The screen value is fair, but customer service was average. It is okay.",Neutral
The sound photos are extremely blurry and dark. Worst ever. Terrible quality.,Negative
"The performance is great, very bright and responsive. Love it.",Positive
The screen sound is tinny and breaks up frequently. Will return this.,Negative
"The sound is terrible, dies in under two hours. Waste of money. Do not buy!",Negative
The camera is excellent value for money. Very durable. Good product.,Positive
"The performance is unresponsive, flickers constantly. Very annoying. Will return this.",Negative
The support was incredibly fast. Customer support is wonderful. Love it.,Positive
"The design value is fair, but customer service was average. It is okay.",Neutral
"The software is simple, but has some limitations. It is okay.",Neutral
"The software is great, very bright and responsive. So happy with it.",Positive
"The performance works perfectly, setup was super easy. So happy with it.",Positive
"The camera feels cheap, plastic cracked within a week. Terrible quality.",Negative
"The screen sound is crystal clear, very comfortable. Love it.",Positive
"The software is terrible, dies in under two hours. Waste of money. Will return this.",Negative
The design is excellent value for money. Very durable. Good product.,Positive
"The build is fine, does the job but feels mediocre. Average experience.",Neutral
The screen works but has some minor issues. Average experience.,Neutral
"The battery feels premium, love the sleek aesthetic. Works great.",Positive
"The screen is average, lasts about half a day. It is okay.",Neutral
The software is fantastic. Exceeded my expectations. Absolutely perfect!,Positive
The battery is amazing and lasts all day. Highly recommend! Love it.,Positive
The software is bugged and crashes the app constantly. Waste of money.,Negative
"The performance feels cheap, plastic cracked within a week. Terrible quality.",Negative
The design was incredibly fast. Customer support is wonderful. Good product.,Positive
"The camera is average, lasts about half a day. Nothing impressive.",Neutral
The software works but has some minor issues. Average experience.,Neutral
"The camera feels premium, love the sleek aesthetic. Absolutely perfect!",Positive
"The performance feels premium, love the sleek aesthetic. So happy with it.",Positive
"The build value is fair, but customer service was average. Average experience.",Neutral
The design works but has some minor issues. Nothing impressive.,Neutral
The price is overpriced and performs poorly. Disappointed. Do not buy!,Negative
"The battery is terrible, dies in under two hours. Waste of money. Very disappointed.",Negative
"The support is extremely powerful, handles everything with ease. Works great.",Positive
"The support value is fair, but customer service was average. Nothing impressive.",Neutral
The design is bugged and crashes the app constantly. Do not buy!,Negative
"The build is hard to use, very complicated instructions. Very disappointed.",Negative
The screen delivery was moderate. Product is normal. It is okay.,Neutral
"The software sound is crystal clear, very comfortable. Absolutely perfect!",Positive
"The delivery is great, very bright and responsive. So happy with it.",Positive
"The support sound is crystal clear, very comfortable. So happy with it.",Positive
The battery is the best purchase I have made. Super high quality. Love it.,Positive
The camera is amazing and lasts all day. Highly recommend! Works great.,Positive
The camera is bugged and crashes the app constantly. Will return this.,Negative
The screen photos are extremely blurry and dark. Worst ever. Terrible quality.,Negative
The design delivery was moderate. Product is normal. Standard quality.,Neutral
"The software feels cheap, plastic cracked within a week. Do not buy!",Negative
The support is fantastic. Exceeded my expectations. So happy with it.,Positive
"The support is standard, as expected from this model. Fine for now.",Neutral
"The screen is great, very bright and responsive. So happy with it.",Positive
"The screen is decent, but could be improved. Standard quality.",Neutral
The battery quality is absolutely top notch. Extremely clear. So happy with it.,Positive
"The performance value is fair, but customer service was average. Fine for now.",Neutral
The support is the best purchase I have made. Super high quality. So happy with it.,Positive
"The battery works perfectly, setup was super easy. Good product.",Positive
The software photos are extremely blurry and dark. Worst ever. Terrible quality.,Negative
"The design is unresponsive, flickers constantly. Very annoying. Waste of money.",Negative
"The software is average, lasts about half a day. Nothing impressive.",Neutral
"The design works perfectly, setup was super easy. Works great.",Positive
"The camera value is fair, but customer service was average. Average experience.",Neutral
"The camera is simple, but has some limitations. Fine for now.",Neutral
"The performance feels premium, love the sleek aesthetic. Good product.",Positive
"The build arrived damaged, slow delivery, bad packaging. Very disappointed.",Negative
"The sound is hard to use, very complicated instructions. Do not buy!",Negative
The software sound is tinny and breaks up frequently. Will return this.,Negative
The sound is fantastic. Exceeded my expectations. Love it.,Positive
The delivery is fantastic. Exceeded my expectations. So happy with it.,Positive
"The software value is fair, but customer service was average. Standard quality.",Neutral
"The delivery is extremely powerful, handles everything with ease. Good product.",Positive
"The battery is average, lasts about half a day. Nothing impressive.",Neutral
The software is fantastic. Exceeded my expectations. Good product.,Positive
"The screen is hard to use, very complicated instructions. Do not buy!",Negative
The performance is the best purchase I have made. Super high quality. Works great.,Positive
The software is the best purchase I have made. Super high quality. Works great.,Positive
The support is amazing and lasts all day. Highly recommend! Absolutely perfect!,Positive
The support is overpriced and performs poorly. Disappointed. Will return this.,Negative
The sound sound is tinny and breaks up frequently. Will return this.,Negative
"The support feels premium, love the sleek aesthetic. Good product.",Positive
The performance works but has some minor issues. Average experience.,Neutral
"The build arrived damaged, slow delivery, bad packaging. Terrible quality.",Negative
"The camera is great, very bright and responsive. Works great.",Positive
The support sound is tinny and breaks up frequently. Terrible quality.,Negative
The build sound is tinny and breaks up frequently. Waste of money.,Negative
"The software feels premium, love the sleek aesthetic. Works great.",Positive
"The design is simple, but has some limitations. It is okay.",Neutral
"The sound is average, lasts about half a day. Nothing impressive.",Neutral
The support delivery was moderate. Product is normal. Average experience.,Neutral
The design photos are extremely blurry and dark. Worst ever. Do not buy!,Negative
"The design feels cheap, plastic cracked within a week. Do not buy!",Negative
"The camera is extremely powerful, handles everything with ease. So happy with it.",Positive
The software heats up way too fast and slows down. Do not buy!,Negative
The price is the best purchase I have made. Super high quality. Love it.,Positive
The software was incredibly fast. Customer support is wonderful. Good product.,Positive
The price is overpriced and performs poorly. Disappointed. Do not buy!,Negative
"The support works perfectly, setup was super easy. Good product.",Positive
The sound is bugged and crashes the app constantly. Do not buy!,Negative
"The build sound is crystal clear, very comfortable. Love it.",Positive
"The build is standard, as expected from this model. Standard quality.",Neutral
"The screen is unresponsive, flickers constantly. Very annoying. Do not buy!",Negative
"The build value is fair, but customer service was average. Average experience.",Neutral
"The camera is extremely powerful, handles everything with ease. Love it.",Positive
The battery is fantastic. Exceeded my expectations. So happy with it.,Positive
The performance photos are extremely blurry and dark. Worst ever. Terrible quality.,Negative
"The design is fine, does the job but feels mediocre. Nothing impressive.",Neutral
The support sound is tinny and breaks up frequently. Do not buy!,Negative
"The camera is okay for the price, fairly standard. It is okay.",Neutral
"The battery is okay for the price, fairly standard. Fine for now.",Neutral
"The camera is okay, nothing special but works fine. It is okay.",Neutral
"The screen is moderate, neither good nor bad. Nothing impressive.",Neutral
"The battery feels cheap, plastic cracked within a week. Terrible quality.",Negative
"The design is decent, but could be improved. It is okay.",Neutral
"The delivery is great, very bright and responsive. Good product.",Positive
The price delivery was moderate. Product is normal. Average experience.,Neutral
"The support feels premium, love the sleek aesthetic. Good product.",Positive
The performance is useless. Customer service ignored me. Terrible quality.,Negative
The software is bugged and crashes the app constantly. Do not buy!,Negative
The battery was incredibly fast. Customer support is wonderful. Absolutely perfect!,Positive
The sound quality is absolutely top notch. Extremely clear. Love it.,Positive
The sound is useless. Customer service ignored me. Very disappointed.,Negative
"The screen is okay for the price, fairly standard. It is okay.",Neutral
The support heats up way too fast and slows down. Terrible quality.,Negative
The design delivery was moderate. Product is normal. Nothing impressive.,Neutral
"The screen is moderate, neither good nor bad. Nothing impressive.",Neutral
The screen is fantastic. Exceeded my expectations. Absolutely perfect!,Positive
"The delivery is unresponsive, flickers constantly. Very annoying. Waste of money.",Negative
"The software is fine, does the job but feels mediocre. Fine for now.",Neutral
The battery is amazing and lasts all day. Highly recommend! Absolutely perfect!,Positive
"The camera is standard, as expected from this model. Nothing impressive.",Neutral
"The build is fine, does the job but feels mediocre. Average experience.",Neutral
The camera is fantastic. Exceeded my expectations. Love it.,Positive
The sound was incredibly fast. Customer support is wonderful. Works great.,Positive
"The software sound is crystal clear, very comfortable. So happy with it.",Positive
"The support value is fair, but customer service was average. Fine for now.",Neutral
"The software is fine, does the job but feels mediocre. Standard quality.",Neutral
The screen delivery was moderate. Product is normal. It is okay.,Neutral
"The performance is moderate, neither good nor bad. Standard quality.",Neutral
"The build is great, very bright and responsive. Absolutely perfect!",Positive
The support delivery was moderate. Product is normal. Fine for now.,Neutral
"The sound feels premium, love the sleek aesthetic. Works great.",Positive
"The battery is terrible, dies in under two hours. Waste of money. Terrible quality.",Negative
"The delivery is extremely powerful, handles everything with ease. Absolutely perfect!",Positive
The battery is overpriced and performs poorly. Disappointed. Do not buy!,Negative
The build is fantastic. Exceeded my expectations. Good product.,Positive
"The performance is hard to use, very complicated instructions. Will return this.",Negative
The sound is excellent value for money. Very durable. Good product.,Positive
"The design is unresponsive, flickers constantly. Very annoying. Terrible quality.",Negative
"The support feels premium, love the sleek aesthetic. Works great.",Positive
"The design is moderate, neither good nor bad. Standard quality.",Neutral
"The build is terrible, dies in under two hours. Waste of money. Do not buy!",Negative
The build heats up way too fast and slows down. Will return this.,Negative
"The delivery is average, lasts about half a day. It is okay.",Neutral
The build photos are extremely blurry and dark. Worst ever. Do not buy!,Negative
"The performance arrived damaged, slow delivery, bad packaging. Waste of money.",Negative
"The screen is fine, does the job but feels mediocre. It is okay.",Neutral
"The price is average, lasts about half a day. Fine for now.",Neutral
"The screen is great, very bright and responsive. Absolutely perfect!",Positive
The camera is excellent value for money. Very durable. Absolutely perfect!,Positive
"The camera works perfectly, setup was super easy. So happy with it.",Positive
"The build is moderate, neither good nor bad. Average experience.",Neutral
The sound delivery was moderate. Product is normal. Fine for now.,Neutral
The build delivery was moderate. Product is normal. Average experience.,Neutral
"The build is extremely powerful, handles everything with ease. Works great.",Positive
"The screen is unresponsive, flickers constantly. Very annoying. Terrible quality.",Negative
"The sound is terrible, dies in under two hours. Waste of money. Terrible quality.",Negative
"The delivery value is fair, but customer service was average. Average experience.",Neutral
"The delivery is moderate, neither good nor bad. Nothing impressive.",Neutral
The build is excellent value for money. Very durable. Works great.,Positive
The camera is amazing and lasts all day. Highly recommend! Absolutely perfect!,Positive
"The battery is average, lasts about half a day. Average experience.",Neutral
The price was incredibly fast. Customer support is wonderful. So happy with it.,Positive
"The performance is decent, but could be improved. Nothing impressive.",Neutral
"The battery is great, very bright and responsive. Works great.",Positive
"The design is okay for the price, fairly standard. Nothing impressive.",Neutral
"The performance is hard to use, very complicated instructions. Do not buy!",Negative
"The build is moderate, neither good nor bad. Average experience.",Neutral
The support is fantastic. Exceeded my expectations. So happy with it.,Positive
The build quality is absolutely top notch. Extremely clear. Absolutely perfect!,Positive
"The price is average, lasts about half a day. Average experience.",Neutral
"The software is standard, as expected from this model. It is okay.",Neutral
"The camera is average, lasts about half a day. Standard quality.",Neutral
"The battery value is fair, but customer service was average. Nothing impressive.",Neutral
The software is amazing and lasts all day. Highly recommend! Love it.,Positive
The design is overpriced and performs poorly. Disappointed. Waste of money.,Negative
"The support is terrible, dies in under two hours. Waste of money. Do not buy!",Negative
"The software is moderate, neither good nor bad. Fine for now.",Neutral
"The price is hard to use, very complicated instructions. Terrible quality.",Negative
The sound is excellent value for money. Very durable. Good product.,Positive
"The build is simple, but has some limitations. It is okay.",Neutral
The software is the best purchase I have made. Super high quality. Love it.,Positive
"The delivery feels premium, love the sleek aesthetic. Works great.",Positive
The sound sound is tinny and breaks up frequently. Will return this.,Negative
The sound is fantastic. Exceeded my expectations. Absolutely perfect!,Positive
The price is amazing and lasts all day. Highly recommend! Works great.,Positive
The support works but has some minor issues. Nothing impressive.,Neutral
The price sound is tinny and breaks up frequently. Very disappointed.,Negative
The support is bugged and crashes the app constantly. Waste of money.,Negative
"The camera is okay, nothing special but works fine. Average experience.",Neutral
The screen sound is tinny and breaks up frequently. Will return this.,Negative
"The battery is average, lasts about half a day. Standard quality.",Neutral
"The performance is terrible, dies in under two hours. Waste of money. Do not buy!",Negative
"The software works perfectly, setup was super easy. Love it.",Positive
The camera quality is absolutely top notch. Extremely clear. So happy with it.,Positive
The design heats up way too fast and slows down. Will return this.,Negative
"The sound is terrible, dies in under two hours. Waste of money. Do not buy!",Negative
"The price is decent, but could be improved. Fine for now.",Neutral
The performance was incredibly fast. Customer support is wonderful. So happy with it.,Positive
"The design is okay for the price, fairly standard. Fine for now.",Neutral
The camera was incredibly fast. Customer support is wonderful. Absolutely perfect!,Positive
"The build feels cheap, plastic cracked within a week. Do not buy!",Negative
"The software is okay for the price, fairly standard. Nothing impressive.",Neutral
The screen is excellent value for money. Very durable. So happy with it.,Positive
The battery is bugged and crashes the app constantly. Very disappointed.,Negative
"The design is hard to use, very complicated instructions. Waste of money.",Negative
"The delivery is standard, as expected from this model. Fine for now.",Neutral
"The build works perfectly, setup was super easy. Absolutely perfect!",Positive
"The design sound is crystal clear, very comfortable. Love it.",Positive
The battery is useless. Customer service ignored me. Waste of money.,Negative
"The price is unresponsive, flickers constantly. Very annoying. Waste of money.",Negative
"The design sound is crystal clear, very comfortable. Good product.",Positive
The price was incredibly fast. Customer support is wonderful. So happy with it.,Positive
"The design feels cheap, plastic cracked within a week. Very disappointed.",Negative
"The software is unresponsive, flickers constantly. Very annoying. Will return this.",Negative
"The battery is fine, does the job but feels mediocre. It is okay.",Neutral
"The battery is simple, but has some limitations. Nothing impressive.",Neutral
"The software is okay, nothing special but works fine. It is okay.",Neutral
"The performance is decent, but could be improved. Nothing impressive.",Neutral
The battery is overpriced and performs poorly. Disappointed. Do not buy!,Negative
"The battery is fine, does the job but feels mediocre. Fine for now.",Neutral
"The software is extremely powerful, handles everything with ease. So happy with it.",Positive
"The build is fine, does the job but feels mediocre. It is okay.",Neutral
"The performance is hard to use, very complicated instructions. Do not buy!",Negative
The performance is overpriced and performs poorly. Disappointed. Do not buy!,Negative
The build photos are extremely blurry and dark. Worst ever. Terrible quality.,Negative
"The sound is moderate, neither good nor bad. Fine for now.",Neutral
"The software value is fair, but customer service was average. It is okay.",Neutral
The camera is fantastic. Exceeded my expectations. Absolutely perfect!,Positive
The camera is the best purchase I have made. Super high quality. Works great.,Positive
The sound is fantastic. Exceeded my expectations. Works great.,Positive
"The design is terrible, dies in under two hours. Waste of money. Waste of money.",Negative
"The software is okay for the price, fairly standard. Average experience.",Neutral
The price works but has some minor issues. Nothing impressive.,Neutral
"The price is great, very bright and responsive. So happy with it.",Positive
"The design value is fair, but customer service was average. Standard quality.",Neutral
"The delivery is terrible, dies in under two hours. Waste of money. Terrible quality.",Negative
The delivery was incredibly fast. Customer support is wonderful. Absolutely perfect!,Positive
"The sound is hard to use, very complicated instructions. Will return this.",Negative
"The design is okay, nothing special but works fine. It is okay.",Neutral
The sound sound is tinny and breaks up frequently. Will return this.,Negative
The sound is overpriced and performs poorly. Disappointed. Waste of money.,Negative
"The sound is moderate, neither good nor bad. Standard quality.",Neutral
The design heats up way too fast and slows down. Do not buy!,Negative
The sound is excellent value for money. Very durable. Absolutely perfect!,Positive
The performance is fantastic. Exceeded my expectations. Works great.,Positive
"The design is okay, nothing special but works fine. Nothing impressive.",Neutral
The software sound is tinny and breaks up frequently. Terrible quality.,Negative
The design sound is tinny and breaks up frequently. Do not buy!,Negative
The sound is amazing and lasts all day. Highly recommend! Absolutely perfect!,Positive
The price works but has some minor issues. Nothing impressive.,Neutral
The camera sound is tinny and breaks up frequently. Terrible quality.,Negative
"The design is terrible, dies in under two hours. Waste of money. Do not buy!",Negative
"The design is okay, nothing special but works fine. Nothing impressive.",Neutral
"The performance is decent, but could be improved. Standard quality.",Neutral
"The performance value is fair, but customer service was average. Nothing impressive.",Neutral
"The sound is okay for the price, fairly standard. Nothing impressive.",Neutral
"The software works perfectly, setup was super easy. Good product.",Positive
The support is bugged and crashes the app constantly. Terrible quality.,Negative
The camera is fantastic. Exceeded my expectations. Love it.,Positive
The battery heats up way too fast and slows down. Waste of money.,Negative
"The design feels cheap, plastic cracked within a week. Terrible quality.",Negative
"The price is fine, does the job but feels mediocre. Standard quality.",Neutral
"The performance feels premium, love the sleek aesthetic. So happy with it.",Positive
"The build is decent, but could be improved. Fine for now.",Neutral
The screen is the best purchase I have made. Super high quality. Works great.,Positive
The performance heats up way too fast and slows down. Waste of money.,Negative
The performance sound is tinny and breaks up frequently. Terrible quality.,Negative
"The support is great, very bright and responsive. Love it.",Positive
"The support is terrible, dies in under two hours. Waste of money. Waste of money.",Negative
"The sound is average, lasts about half a day. It is okay.",Neutral
"The camera is extremely powerful, handles everything with ease. So happy with it.",Positive
"The battery is hard to use, very complicated instructions. Terrible quality.",Negative
"The support value is fair, but customer service was average. Nothing impressive.",Neutral
"The design is simple, but has some limitations. It is okay.",Neutral
"The battery is okay for the price, fairly standard. Standard quality.",Neutral
"The design is hard to use, very complicated instructions. Do not buy!",Negative
The battery delivery was moderate. Product is normal. Fine for now.,Neutral
"The design feels cheap, plastic cracked within a week. Do not buy!",Negative
The design sound is tinny and breaks up frequently. Terrible quality.,Negative
The price works but has some minor issues. It is okay.,Neutral
"The performance is average, lasts about half a day. Fine for now.",Neutral
The build is excellent value for money. Very durable. Works great.,Positive
The battery is overpriced and performs poorly. Disappointed. Do not buy!,Negative
"The sound is standard, as expected from this model. Nothing impressive.",Neutral
"The price is great, very bright and responsive. Love it.",Positive
The build delivery was moderate. Product is normal. Average experience.,Neutral
The support is excellent value for money. Very durable. Love it.,Positive
The build is overpriced and performs poorly. Disappointed. Will return this.,Negative
The build was incredibly fast. Customer support is wonderful. Absolutely perfect!,Positive
